{
  "project_info": {
    "project_number": "446854595588",
    "project_id": "money-transfer-b1d9d",
    "storage_bucket": "money-transfer-b1d9d.appspot.com"
  },
  "client": [
    {
      "client_info": {
        "mobilesdk_app_id": "1:446854595588:android:0b81f8fae7f3dca7a66151",
        "android_client_info": {
          "package_name": "com.money_transfer"
        }
      },
      "oauth_client": [
        {
          "client_id": "446854595588-s2jcpm23oohlj38dttil5m7r02sgeeu9.apps.googleusercontent.com",
          "client_type": 3
        }
      ],
      "api_key": [
        {
          "current_key": "AIzaSyDbeuqJ1wHfuP6QjcVVb--qKIYJE1cOcTY"
        }
      ],
      "services": {
        "appinvite_service": {
          "other_platform_oauth_client": [
            {
              "client_id": "446854595588-s2jcpm23oohlj38dttil5m7r02sgeeu9.apps.googleusercontent.com",
              "client_type": 3
            }
          ]
        }
      }
    }
  ],
  "configuration_version": "1"
}