[
    {
        "country": "Afghanistan",
        "flag": "🇦🇫",
        "currency_code": "AFN"
    },
    {
        "country": "Albania",
        "flag": "🇦🇱",
        "currency_code": "ALL"
    },
    {
        "country": "Algeria",
        "flag": "🇩🇿",
        "currency_code": "DZD"
    },
    {
        "country": "American Samoa",
        "flag": "🇦🇸",
        "currency_code": "USD"
    },
    {
        "country": "Andorra",
        "flag": "🇦🇩",
        "currency_code": "EUR"
    },
    {
        "country": "Angola",
        "flag": "🇦🇴",
        "currency_code": "AOA"
    },
    {
        "country": "Anguilla",
        "flag": "🇦🇮",
        "currency_code": "XCD"
    },
    {
        "country": "Antarctica",
        "flag": "🇦🇶",
        "currency_code": "XCD"
    },
    {
        "country": "Antigua and Barbuda",
        "flag": "🇦🇬",
        "currency_code": "XCD"
    },
    {
        "country": "Argentina",
        "flag": "🇦🇷",
        "currency_code": "ARS"
    },
    {
        "country": "Armenia",
        "flag": "🇦🇲",
        "currency_code": "AMD"
    },
    {
        "country": "Aruba",
        "flag": "🇦🇼",
        "currency_code": "AWG"
    },
    {
        "country": "Australia",
        "flag": "🇦🇺",
        "currency_code": "AUD"
    },
    {
        "country": "Austria",
        "flag": "🇦🇹",
        "currency_code": "EUR"
    },
    {
        "country": "Azerbaijan",
        "flag": "🇦🇿",
        "currency_code": "AZN"
    },
    {
        "country": "Bahamas",
        "flag": "🇧🇸",
        "currency_code": "BSD"
    },
    {
        "country": "Bahrain",
        "flag": "🇧🇭",
        "currency_code": "BHD"
    },
    {
        "country": "Bangladesh",
        "flag": "🇧🇩",
        "currency_code": "BDT"
    },
    {
        "country": "Barbados",
        "flag": "🇧🇧",
        "currency_code": "BBD"
    },
    {
        "country": "Belarus",
        "flag": "🇧🇾",
        "currency_code": "BYR"
    },
    {
        "country": "Belgium",
        "flag": "🇧🇪",
        "currency_code": "EUR"
    },
    {
        "country": "Belize",
        "flag": "🇧🇿",
        "currency_code": "BZD"
    },
    {
        "country": "Benin",
        "flag": "🇧🇯",
        "currency_code": "XOF"
    },
    {
        "country": "Bermuda",
        "flag": "🇧🇲",
        "currency_code": "BMD"
    },
    {
        "country": "Bhutan",
        "flag": "🇧🇹",
        "currency_code": "BTN"
    },
    {
        "country": "Bolivia",
        "flag": "🇧🇴",
        "currency_code": "BOB"
    },
    {
        "country": "Bosnia and Herzegovina",
        "flag": "🇧🇦",
        "currency_code": "BAM"
    },
    {
        "country": "Botswana",
        "flag": "🇧🇼",
        "currency_code": "BWP"
    },
    {
        "country": "Bouvet Island",
        "flag": "🇧🇻",
        "currency_code": "NOK"
    },
    {
        "country": "Brazil",
        "flag": "🇧🇷",
        "currency_code": "BRL"
    },
    {
        "country": "British Indian Ocean Territory",
        "flag": "🇮🇴",
        "currency_code": "USD"
    },
    {
        "country": "Brunei",
        "flag": "🇧🇳",
        "currency_code": "BND"
    },
    {
        "country": "Bulgaria",
        "flag": "🇧🇬",
        "currency_code": "BGN"
    },
    {
        "country": "Burkina Faso",
        "flag": "🇧🇫",
        "currency_code": "XOF"
    },
    {
        "country": "Burundi",
        "flag": "🇧🇮",
        "currency_code": "BIF"
    },
    {
        "country": "Cambodia",
        "flag": "🇰🇭",
        "currency_code": "KHR"
    },
    {
        "country": "Cameroon",
        "flag": "🇨🇲",
        "currency_code": "XAF"
    },
    {
        "country": "Canada",
        "flag": "🇨🇦",
        "currency_code": "CAD"
    },
    {
        "country": "Cape Verde",
        "flag": "🇨🇻",
        "currency_code": "CVE"
    },
    {
        "country": "Cayman Islands",
        "flag": "🇰🇾",
        "currency_code": "KYD"
    },
    {
        "country": "Central African Republic",
        "flag": "🇨🇫",
        "currency_code": "XAF"
    },
    {
        "country": "Chad",
        "flag": "🇹🇩",
        "currency_code": "XAF"
    },
    {
        "country": "Chile",
        "flag": "🇨🇱",
        "currency_code": "CLP"
    },
    {
        "country": "China",
        "flag": "🇨🇳",
        "currency_code": "CNY"
    },
    {
        "country": "Christmas Island",
        "flag": "🇨🇽",
        "currency_code": "AUD"
    },
    {
        "country": "Cocos (Keeling) Islands",
        "flag": "🇨🇨",
        "currency_code": "AUD"
    },
    {
        "country": "Colombia",
        "flag": "🇨🇴",
        "currency_code": "COP"
    },
    {
        "country": "Comoros",
        "flag": "🇰🇲",
        "currency_code": "KMF"
    },
    {
        "country": "Congo",
        "flag": "🇨🇬",
        "currency_code": "XAF"
    },
    {
        "country": "Cook Islands",
        "flag": "🇨🇰",
        "currency_code": "NZD"
    },
    {
        "country": "Costa Rica",
        "flag": "🇨🇷",
        "currency_code": "CRC"
    },
    {
        "country": "Croatia",
        "flag": "🇭🇷",
        "currency_code": "HRK"
    },
    {
        "country": "Cuba",
        "flag": "🇨🇺",
        "currency_code": "CUP"
    },
    {
        "country": "Cyprus",
        "flag": "🇨🇾",
        "currency_code": "EUR"
    },
    {
        "country": "Czech Republic",
        "flag": "🇨🇿",
        "currency_code": "CZK"
    },
    {
        "country": "Denmark",
        "flag": "🇩🇰",
        "currency_code": "DKK"
    },
    {
        "country": "Djibouti",
        "flag": "🇩🇯",
        "currency_code": "DJF"
    },
    {
        "country": "Dominica",
        "flag": "🇩🇲",
        "currency_code": "XCD"
    },
    {
        "country": "Dominican Republic",
        "flag": "🇩🇴",
        "currency_code": "DOP"
    },
    {
        "country": "East Timor",
        "currency_code": "USD"
    },
    {
        "country": "Ecuador",
        "flag": "🇪🇨",
        "currency_code": "ECS"
    },
    {
        "country": "Egypt",
        "flag": "🇪🇬",
        "currency_code": "EGP"
    },
    {
        "country": "El Salvador",
        "flag": "🇸🇻",
        "currency_code": "SVC"
    },
    {
        "country": "England",
        "currency_code": "GBP"
    },
    {
        "country": "Equatorial Guinea",
        "flag": "🇬🇶",
        "currency_code": "XAF"
    },
    {
        "country": "Eritrea",
        "flag": "🇪🇷",
        "currency_code": "ERN"
    },
    {
        "country": "Estonia",
        "flag": "🇪🇪",
        "currency_code": "EUR"
    },
    {
        "country": "Ethiopia",
        "flag": "🇪🇹",
        "currency_code": "ETB"
    },
    {
        "country": "Falkland Islands",
        "flag": "🇫🇰",
        "currency_code": "FKP"
    },
    {
        "country": "Faroe Islands",
        "flag": "🇫🇴",
        "currency_code": "DKK"
    },
    {
        "country": "Fiji Islands",
        "flag": "🇫🇯",
        "currency_code": "FJD"
    },
    {
        "country": "Finland",
        "flag": "🇫🇮",
        "currency_code": "EUR"
    },
    {
        "country": "France",
        "flag": "🇫🇷",
        "currency_code": "EUR"
    },
    {
        "country": "French Guiana",
        "flag": "🇬🇫",
        "currency_code": "EUR"
    },
    {
        "country": "French Polynesia",
        "flag": "🇵🇫",
        "currency_code": "XPF"
    },
    {
        "country": "French Southern territories",
        "flag": "🇹🇫",
        "currency_code": "EUR"
    },
    {
        "country": "Gabon",
        "flag": "🇬🇦",
        "currency_code": "XAF"
    },
    {
        "country": "Gambia",
        "flag": "🇬🇲",
        "currency_code": "GMD"
    },
    {
        "country": "Georgia",
        "flag": "🇬🇪",
        "currency_code": "GEL"
    },
    {
        "country": "Germany",
        "flag": "🇩🇪",
        "currency_code": "EUR"
    },
    {
        "country": "Ghana",
        "flag": "🇬🇭",
        "currency_code": "GHS"
    },
    {
        "country": "Gibraltar",
        "flag": "🇬🇮",
        "currency_code": "GIP"
    },
    {
        "country": "Greece",
        "flag": "🇬🇷",
        "currency_code": "EUR"
    },
    {
        "country": "Greenland",
        "flag": "🇬🇱",
        "currency_code": "DKK"
    },
    {
        "country": "Grenada",
        "flag": "🇬🇩",
        "currency_code": "XCD"
    },
    {
        "country": "Guadeloupe",
        "flag": "🇬🇵",
        "currency_code": "EUR"
    },
    {
        "country": "Guam",
        "flag": "🇬🇺",
        "currency_code": "USD"
    },
    {
        "country": "Guatemala",
        "flag": "🇬🇹",
        "currency_code": "QTQ"
    },
    {
        "country": "Guinea",
        "flag": "🇬🇳",
        "currency_code": "GNF"
    },
    {
        "country": "Guinea-Bissau",
        "flag": "🇬🇼",
        "currency_code": "CFA"
    },
    {
        "country": "Guyana",
        "flag": "🇬🇾",
        "currency_code": "GYD"
    },
    {
        "country": "Haiti",
        "flag": "🇭🇹",
        "currency_code": "HTG"
    },
    {
        "country": "Heard Island and McDonald Islands",
        "flag": "🇭🇲",
        "currency_code": "AUD"
    },
    {
        "country": "Holy See (Vatican City State)",
        "flag": "🇻🇦",
        "currency_code": "EUR"
    },
    {
        "country": "Honduras",
        "flag": "🇭🇳",
        "currency_code": "HNL"
    },
    {
        "country": "Hong Kong",
        "flag": "🇭🇰",
        "currency_code": "HKD"
    },
    {
        "country": "Hungary",
        "flag": "🇭🇺",
        "currency_code": "HUF"
    },
    {
        "country": "Iceland",
        "flag": "🇮🇸",
        "currency_code": "ISK"
    },
    {
        "country": "India",
        "flag": "🇮🇳",
        "currency_code": "INR"
    },
    {
        "country": "Indonesia",
        "flag": "🇮🇩",
        "currency_code": "IDR"
    },
    {
        "country": "Iran",
        "flag": "🇮🇷",
        "currency_code": "IRR"
    },
    {
        "country": "Iraq",
        "flag": "🇮🇶",
        "currency_code": "IQD"
    },
    {
        "country": "Ireland",
        "flag": "🇮🇪",
        "currency_code": "EUR"
    },
    {
        "country": "Israel",
        "flag": "🇮🇱",
        "currency_code": "ILS"
    },
    {
        "country": "Italy",
        "flag": "🇮🇹",
        "currency_code": "EUR"
    },
    {
        "country": "Ivory Coast",
        "currency_code": "XOF"
    },
    {
        "country": "Jamaica",
        "flag": "🇯🇲",
        "currency_code": "JMD"
    },
    {
        "country": "Japan",
        "flag": "🇯🇵",
        "currency_code": "JPY"
    },
    {
        "country": "Jordan",
        "flag": "🇯🇴",
        "currency_code": "JOD"
    },
    {
        "country": "Kazakhstan",
        "flag": "🇰🇿",
        "currency_code": "KZT"
    },
    {
        "country": "Kenya",
        "flag": "🇰🇪",
        "currency_code": "KES"
    },
    {
        "country": "Kiribati",
        "flag": "🇰🇮",
        "currency_code": "AUD"
    },
    {
        "country": "Kuwait",
        "flag": "🇰🇼",
        "currency_code": "KWD"
    },
    {
        "country": "Kyrgyzstan",
        "flag": "🇰🇬",
        "currency_code": "KGS"
    },
    {
        "country": "Laos",
        "flag": "🇱🇦",
        "currency_code": "LAK"
    },
    {
        "country": "Latvia",
        "flag": "🇱🇻",
        "currency_code": "LVL"
    },
    {
        "country": "Lebanon",
        "flag": "🇱🇧",
        "currency_code": "LBP"
    },
    {
        "country": "Lesotho",
        "flag": "🇱🇸",
        "currency_code": "LSL"
    },
    {
        "country": "Liberia",
        "flag": "🇱🇷",
        "currency_code": "LRD"
    },
    {
        "country": "Libyan Arab Jamahiriya",
        "flag": "🇱🇾",
        "currency_code": "LYD"
    },
    {
        "country": "Liechtenstein",
        "flag": "🇱🇮",
        "currency_code": "CHF"
    },
    {
        "country": "Lithuania",
        "flag": "🇱🇹",
        "currency_code": "LTL"
    },
    {
        "country": "Luxembourg",
        "flag": "🇱🇺",
        "currency_code": "EUR"
    },
    {
        "country": "Macau",
        "flag": "🇲🇴",
        "currency_code": "MOP"
    },
    {
        "country": "North Macedonia",
        "flag": "🇲🇰",
        "currency_code": "MKD"
    },
    {
        "country": "Madagascar",
        "flag": "🇲🇬",
        "currency_code": "MGF"
    },
    {
        "country": "Malawi",
        "flag": "🇲🇼",
        "currency_code": "MWK"
    },
    {
        "country": "Malaysia",
        "flag": "🇲🇾",
        "currency_code": "MYR"
    },
    {
        "country": "Maldives",
        "flag": "🇲🇻",
        "currency_code": "MVR"
    },
    {
        "country": "Mali",
        "flag": "🇲🇱",
        "currency_code": "XOF"
    },
    {
        "country": "Malta",
        "flag": "🇲🇹",
        "currency_code": "EUR"
    },
    {
        "country": "Marshall Islands",
        "flag": "🇲🇭",
        "currency_code": "USD"
    },
    {
        "country": "Martinique",
        "flag": "🇲🇶",
        "currency_code": "EUR"
    },
    {
        "country": "Mauritania",
        "flag": "🇲🇷",
        "currency_code": "MRO"
    },
    {
        "country": "Mauritius",
        "flag": "🇲🇺",
        "currency_code": "MUR"
    },
    {
        "country": "Mayotte",
        "flag": "🇾🇹",
        "currency_code": "EUR"
    },
    {
        "country": "Mexico",
        "flag": "🇲🇽",
        "currency_code": "MXN"
    },
    {
        "country": "Micronesia, Federated States of",
        "flag": "🇫🇲",
        "currency_code": "USD"
    },
    {
        "country": "Moldova",
        "flag": "🇲🇩",
        "currency_code": "MDL"
    },
    {
        "country": "Monaco",
        "flag": "🇲🇨",
        "currency_code": "EUR"
    },
    {
        "country": "Mongolia",
        "flag": "🇲🇳",
        "currency_code": "MNT"
    },
    {
        "country": "Montserrat",
        "flag": "🇲🇸",
        "currency_code": "XCD"
    },
    {
        "country": "Morocco",
        "flag": "🇲🇦",
        "currency_code": "MAD"
    },
    {
        "country": "Mozambique",
        "flag": "🇲🇿",
        "currency_code": "MZN"
    },
    {
        "country": "Myanmar",
        "flag": "🇲🇲",
        "currency_code": "MMR"
    },
    {
        "country": "Namibia",
        "flag": "🇳🇦",
        "currency_code": "NAD"
    },
    {
        "country": "Nauru",
        "flag": "🇳🇷",
        "currency_code": "AUD"
    },
    {
        "country": "Nepal",
        "flag": "🇳🇵",
        "currency_code": "NPR"
    },
    {
        "country": "Netherlands",
        "flag": "🇳🇱",
        "currency_code": "EUR"
    },
    {
        "country": "Netherlands Antilles",
        "currency_code": "ANG"
    },
    {
        "country": "New Caledonia",
        "flag": "🇳🇨",
        "currency_code": "XPF"
    },
    {
        "country": "New Zealand",
        "flag": "🇳🇿",
        "currency_code": "NZD"
    },
    {
        "country": "Nicaragua",
        "flag": "🇳🇮",
        "currency_code": "NIO"
    },
    {
        "country": "Niger",
        "flag": "🇳🇪",
        "currency_code": "XOF"
    },
    {
        "country": "Nigeria",
        "flag": "🇳🇬",
        "currency_code": "NGN"
    },
    {
        "country": "Niue",
        "flag": "🇳🇺",
        "currency_code": "NZD"
    },
    {
        "country": "Norfolk Island",
        "flag": "🇳🇫",
        "currency_code": "AUD"
    },
    {
        "country": "North Korea",
        "currency_code": "KPW"
    },
    {
        "country": "Northern Ireland",
        "currency_code": "GBP"
    },
    {
        "country": "Northern Mariana Islands",
        "currency_code": "USD"
    },
    {
        "country": "Norway",
        "flag": "🇳🇴",
        "currency_code": "NOK"
    },
    {
        "country": "Oman",
        "flag": "🇴🇲",
        "currency_code": "OMR"
    },
    {
        "country": "Pakistan",
        "flag": "🇵🇰",
        "currency_code": "PKR"
    },
    {
        "country": "Palau",
        "flag": "🇵🇼",
        "currency_code": "USD"
    },
    {
        "country": "Palestine",
        "flag": "🇵🇸",
        "currency_code": null
    },
    {
        "country": "Panama",
        "flag": "🇵🇦",
        "currency_code": "PAB"
    },
    {
        "country": "Papua New Guinea",
        "flag": "🇵🇬",
        "currency_code": "PGK"
    },
    {
        "country": "Paraguay",
        "flag": "🇵🇾",
        "currency_code": "PYG"
    },
    {
        "country": "Peru",
        "flag": "🇵🇪",
        "currency_code": "PEN"
    },
    {
        "country": "Philippines",
        "flag": "🇵🇭",
        "currency_code": "PHP"
    },
    {
        "country": "Pitcairn Islands",
        "flag": "🇵🇳",
        "currency_code": "NZD"
    },
    {
        "country": "Poland",
        "flag": "🇵🇱",
        "currency_code": "PLN"
    },
    {
        "country": "Portugal",
        "flag": "🇵🇹",
        "currency_code": "EUR"
    },
    {
        "country": "Puerto Rico",
        "flag": "🇵🇷",
        "currency_code": "USD"
    },
    {
        "country": "Qatar",
        "flag": "🇶🇦",
        "currency_code": "QAR"
    },
    {
        "country": "Reunion",
        "flag": "🇷🇪",
        "currency_code": "EUR"
    },
    {
        "country": "Romania",
        "flag": "🇷🇴",
        "currency_code": "RON"
    },
    {
        "country": "Russian Federation",
        "flag": "🇷🇺",
        "currency_code": "RUB"
    },
    {
        "country": "Rwanda",
        "flag": "🇷🇼",
        "currency_code": "RWF"
    },
    {
        "country": "Saint Helena",
        "flag": "🇸🇭",
        "currency_code": "SHP"
    },
    {
        "country": "Saint Kitts and Nevis",
        "flag": "🇰🇳",
        "currency_code": "XCD"
    },
    {
        "country": "Saint Lucia",
        "flag": "🇱🇨",
        "currency_code": "XCD"
    },
    {
        "country": "Saint Pierre and Miquelon",
        "flag": "🇵🇲",
        "currency_code": "EUR"
    },
    {
        "country": "Saint Vincent and the Grenadines",
        "flag": "🇻🇨",
        "currency_code": "XCD"
    },
    {
        "country": "Samoa",
        "flag": "🇼🇸",
        "currency_code": "WST"
    },
    {
        "country": "San Marino",
        "flag": "🇸🇲",
        "currency_code": "EUR"
    },
    {
        "country": "Sao Tome and Principe",
        "flag": "🇸🇹",
        "currency_code": "STD"
    },
    {
        "country": "Saudi Arabia",
        "flag": "🇸🇦",
        "currency_code": "SAR"
    },
    {
        "country": "Scotland",
        "currency_code": "GBP"
    },
    {
        "country": "Senegal",
        "flag": "🇸🇳",
        "currency_code": "XOF"
    },
    {
        "country": "Serbia",
        "flag": "🇷🇸",
        "currency_code": "RSD"
    },
    {
        "country": "Seychelles",
        "flag": "🇸🇨",
        "currency_code": "SCR"
    },
    {
        "country": "Sierra Leone",
        "flag": "🇸🇱",
        "currency_code": "SLL"
    },
    {
        "country": "Singapore",
        "flag": "🇸🇬",
        "currency_code": "SGD"
    },
    {
        "country": "Slovakia",
        "flag": "🇸🇰",
        "currency_code": "EUR"
    },
    {
        "country": "Slovenia",
        "flag": "🇸🇮",
        "currency_code": "EUR"
    },
    {
        "country": "Solomon Islands",
        "flag": "🇸🇧",
        "currency_code": "SBD"
    },
    {
        "country": "Somalia",
        "flag": "🇸🇴",
        "currency_code": "SOS"
    },
    {
        "country": "South Africa",
        "flag": "🇿🇦",
        "currency_code": "ZAR"
    },
    {
        "country": "South Georgia and the South Sandwich Islands",
        "flag": "🇬🇸",
        "currency_code": "GBP"
    },
    {
        "country": "South Korea",
        "currency_code": "KRW"
    },
    {
        "country": "South Sudan",
        "currency_code": "SSP"
    },
    {
        "country": "Spain",
        "flag": "🇪🇸",
        "currency_code": "EUR"
    },
    {
        "country": "Sri Lanka",
        "flag": "🇱🇰",
        "currency_code": "LKR"
    },
    {
        "country": "Sudan",
        "flag": "🇸🇩",
        "currency_code": "SDG"
    },
    {
        "country": "Suriname",
        "flag": "🇸🇷",
        "currency_code": "SRD"
    },
    {
        "country": "Svalbard and Jan Mayen",
        "flag": "🇸🇯",
        "currency_code": "NOK"
    },
    {
        "country": "Swaziland",
        "currency_code": "SZL"
    },
    {
        "country": "Sweden",
        "flag": "🇸🇪",
        "currency_code": "SEK"
    },
    {
        "country": "Switzerland",
        "flag": "🇨🇭",
        "currency_code": "CHF"
    },
    {
        "country": "Syria",
        "flag": "🇸🇾",
        "currency_code": "SYP"
    },
    {
        "country": "Tajikistan",
        "flag": "🇹🇯",
        "currency_code": "TJS"
    },
    {
        "country": "Tanzania",
        "flag": "🇹🇿",
        "currency_code": "TZS"
    },
    {
        "country": "Thailand",
        "flag": "🇹🇭",
        "currency_code": "THB"
    },
    {
        "country": "The Democratic Republic of Congo",
        "currency_code": "CDF"
    },
    {
        "country": "Togo",
        "flag": "🇹🇬",
        "currency_code": "XOF"
    },
    {
        "country": "Tokelau",
        "flag": "🇹🇰",
        "currency_code": "NZD"
    },
    {
        "country": "Tonga",
        "flag": "🇹🇴",
        "currency_code": "TOP"
    },
    {
        "country": "Trinidad and Tobago",
        "flag": "🇹🇹",
        "currency_code": "TTD"
    },
    {
        "country": "Tunisia",
        "flag": "🇹🇳",
        "currency_code": "TND"
    },
    {
        "country": "Turkey",
        "flag": "🇹🇷",
        "currency_code": "TRY"
    },
    {
        "country": "Turkmenistan",
        "flag": "🇹🇲",
        "currency_code": "TMT"
    },
    {
        "country": "Turks and Caicos Islands",
        "flag": "🇹🇨",
        "currency_code": "USD"
    },
    {
        "country": "Tuvalu",
        "flag": "🇹🇻",
        "currency_code": "AUD"
    },
    {
        "country": "Uganda",
        "flag": "🇺🇬",
        "currency_code": "UGX"
    },
    {
        "country": "Ukraine",
        "flag": "🇺🇦",
        "currency_code": "UAH"
    },
    {
        "country": "United Arab Emirates",
        "flag": "🇦🇪",
        "currency_code": "AED"
    },
    {
        "country": "United Kingdom",
        "flag": "🇬🇧",
        "currency_code": "GBP"
    },
    {
        "country": "United States",
        "flag": "🇺🇸",
        "currency_code": "USD"
    },
    {
        "country": "United States Minor Outlying Islands",
        "currency_code": "USD"
    },
    {
        "country": "Uruguay",
        "flag": "🇺🇾",
        "currency_code": "UYU"
    },
    {
        "country": "Uzbekistan",
        "flag": "🇺🇿",
        "currency_code": "UZS"
    },
    {
        "country": "Vanuatu",
        "flag": "🇻🇺",
        "currency_code": "VUV"
    },
    {
        "country": "Venezuela",
        "flag": "🇻🇪",
        "currency_code": "VEF"
    },
    {
        "country": "Vietnam",
        "flag": "🇻🇳",
        "currency_code": "VND"
    },
    {
        "country": "Virgin Islands, British",
        "flag": "🇻🇬",
        "currency_code": "USD"
    },
    {
        "country": "Virgin Islands, U.S.",
        "flag": "🇻🇮",
        "currency_code": "USD"
    },
    {
        "country": "Wales",
        "currency_code": "GBP"
    },
    {
        "country": "Wallis and Futuna",
        "flag": "🇼🇫",
        "currency_code": "XPF"
    },
    {
        "country": "Western Sahara",
        "currency_code": "MAD"
    },
    {
        "country": "Yemen",
        "flag": "🇾🇪",
        "currency_code": "YER"
    },
    {
        "country": "Zambia",
        "flag": "🇿🇲",
        "currency_code": "ZMW"
    },
    {
        "country": "Zimbabwe",
        "flag": "🇿🇼",
        "currency_code": "ZWD"
    }
]